Datetime,t2m,z,tp,g_1000,t_1000,g_500,t_500,g_200,t_200,Temp
2014-11-17,280.4129125,37063.72,0.0004088855361749,0.00799732525,296.8907725,0.004425661975,266.87425,6.141303975e-05,219.32505,15.543333333333331
2018-04-10,279.5292675,37063.72,0.00031954317275,0.008640524675,296.877845,0.0039123794,267.5083625,6.614998025e-05,220.1986375,16.182083333333335
2015-07-18,279.61958,37063.72,0.00032542518,0.006630529975,296.59812250000004,0.003420248,266.11329,3.409548675e-05,220.2353175,14.570833333333333
2018-05-29,280.60483,37063.72,0.0001479542125,0.0084162265,296.7874,0.002974475725,267.92293,4.0977029e-05,219.5406175,16.59583333333333
2016-08-28,280.5812325,37063.72,5.72635325e-05,0.007819334125,297.0802525,0.003050587975,266.9691475,5.576759675e-05,217.4752975,16.0525
2015-08-01,280.39727,37063.72,0.0,0.005525720675,296.9416,0.0016389049149999,267.537395,1.7014099e-05,219.4225525,18.020833333333336
2015-03-21,281.4074625,37063.72,0.0004279857899999,0.00894553825,297.03596500000003,0.0046297007,267.614785,7.4145384e-05,219.3960425,14.495833333333334
2014-03-23,279.89044,37063.72,0.00021586777195,0.008522199,297.007845,0.0042452366,268.29983,6.1742961e-05,219.93363,15.92625
2015-05-08,282.14982,37063.72,3.0888012324999995e-05,0.0079142778999999,296.87446,0.0038576443999999,268.2165875,2.64670235e-05,220.5155475,17.141666666666666
2014-02-04,280.374935,37063.72,0.000180225120375,0.00816423275,297.31142,0.002944426875,268.4537075,7.872237e-05,219.7734925,16.781666666666666
2015-02-18,281.8471175,37063.72,0.000112156965,0.00845407875,297.183315,0.0031685069,268.8654,6.7429151e-05,219.9497925,16.675833333333333
2014-09-11,280.6329425,37063.72,0.0003728403257,0.00767570835,296.965445,0.003563428375,267.4345525,2.333335575e-05,219.89785,17.6375
2016-05-17,282.057845,37063.72,8.23249574425e-05,0.00878285025,296.71698,0.0040437118499999,267.96103,1.9550789375e-05,221.83409,18.012500000000003
2014-12-10,279.3104,37063.72,0.00044332165,0.008011749275,297.00123,0.00449036445,266.9902825,7.023266525e-05,220.0558975,17.695833333333333
2015-03-06,281.34695,37063.72,0.0003693082805,0.009444875,297.1970975,0.004543796875,268.293275,7.455982225e-05,219.104865,16.65833333333333
2014-10-07,280.4681875,37063.72,0.00021836208275,0.0085450301249999,296.946695,0.00420394235,267.51375,3.56968965e-05,219.964545,17.058333333333334
2018-10-05,279.754855,37063.72,0.000304416875,0.008123267075,296.58203000000003,0.004627286625,267.9274775,7.63055865e-05,219.1470125,16.870833333333334
2016-03-29,281.402425,37063.72,0.000575987629,0.00958939895,296.8964825,0.004372922425,269.09728,6.10884745e-05,221.359085,17.85666666666667
2014-11-23,280.5156525,37063.72,6.98373194e-05,0.006427319775,296.798725,0.002144010725,268.9032025,8.1524485e-05,220.06702,15.729166666666666
2015-05-23,281.248605,37063.72,5.352939375e-05,0.007724311,296.7988425,0.0025165997,268.578805,3.3100601e-05,220.89437,15.904166666666669
2018-11-14,281.4951625,37063.72,0.0003112710535,0.008790172825,296.96867,0.0050194615249999,268.849865,6.649712999999999e-05,220.59924,17.646250000000002
2015-10-07,282.1307325,37063.72,0.0016552153025,0.008979369,296.7896575,0.004229700875,267.9003225,2.21549995e-05,221.9209325,15.7
2014-11-26,281.5935075,37063.72,8.5928710375e-05,0.0074248105,296.996715,0.002998744,267.986155,4.196120425e-05,220.5491575,16.72833333333333
2016-02-19,283.22765,37063.72,0.000281317625,0.009165785125,297.0021825,0.00468771495,270.13529,7.130135799999999e-05,223.00902,19.2125
2015-12-11,281.9649975,37063.72,0.000250004111,0.008639070875,296.7864725,0.003994626375,269.1862675,2.704723775e-05,220.8431275,17.455
2014-07-26,280.5762875,37063.72,0.0002593954552499,0.007253699425,296.6486525,0.0037492112,266.41193,1.434888675e-05,221.7944425,16.03333333333333
2016-03-12,281.2738375,37063.72,0.000319874148015,0.009177285,296.9305325,0.0033815147,269.7205875,6.786826875e-05,221.0852225,15.922083333333331
2018-04-29,279.8988025,37063.72,6.61184303e-05,0.0077665081,297.011265,0.0038740993249999,267.78672,2.526584975e-05,219.1725,16.849999999999998
2016-03-31,282.21527000000003,37063.72,0.0002984537266924,0.0086729129999999,297.00255000000004,0.0041404325,269.2477025,7.31891475e-05,220.8872725,18.42833333333333
2014-04-25,281.5486275,37063.72,0.000366403954375,0.008927146375,296.7514825,0.00472617865,268.0066675,7.023219899999999e-05,219.1360825,17.145
2018-03-30,280.6805625,37063.72,0.0004156187565,0.00923816125,297.1219775,0.0043548998,268.4174875,7.1184477e-05,218.78098,15.71375
2015-06-11,281.7120175,37063.72,0.0001165552525,0.0075599659999999,296.9355925,0.003386582925,267.94697,4.23043965e-05,219.437035,15.920833333333334
2014-06-23,281.0650725,37063.72,9.3813519e-05,0.00605179785,296.82164750000004,0.003035752325,266.2125425,1.954147625e-05,220.305305,15.379166666666666
2016-06-09,280.28178,37063.72,0.0001536537925,0.008287833075,296.8053,0.003666956325,267.4225175,4.5468798e-05,222.0047275,17.692083333333333
2014-04-24,281.5754325,37063.72,0.0004012419444499,0.00897322125,296.8192125,0.0042622983,268.227225,4.657660675e-05,220.33379,17.31875
2016-06-20,280.7855075,37063.72,0.000165792181575,0.006976655,296.780475,0.003789080025,266.61512,2.547260375e-05,219.5615725,14.8875
2018-07-29,279.30288,37063.72,5.77872856e-05,0.005863271075,296.9438625,0.00232380235,266.1176025,1.94499735e-05,218.3185525,14.691666666666666
2015-08-04,280.74859000000004,37063.72,5.7327911500000005e-05,0.00637174055,296.50306750000004,0.002743382725,267.6879375,1.63509975e-05,219.266355,17.866666666666667
2016-04-17,281.4827075,37063.72,0.000374566764,0.00922414325,296.912085,0.00505125405,268.98093,4.89875675e-05,220.65242,18.27125
2016-01-04,281.90961,37063.72,0.00018364214375,0.009488902125,296.98304,0.002815008275,269.196255,4.847277875e-05,220.349465,17.072916666666668
2018-06-18,279.9302375,37063.72,4.579254882500001e-05,0.0059327132,296.60264,0.00227172065,266.2573,2.075196225e-05,219.27484,15.716666666666669
2016-09-26,280.287835,37063.72,0.00066495232335,0.008458102575,296.66766,0.003998226725,267.531065,3.748782925e-05,219.7584575,16.395833333333336
2016-12-11,279.2051925,37063.72,0.0006009061965,0.008548558075,296.864915,0.00337138775,267.9287525,1.869257525e-05,219.2061125,16.312083333333334
2014-03-10,280.2038875,37063.72,0.00049199837825,0.0086966075,297.16936,0.0043667290999999,267.9465625,6.10011625e-05,219.2531525,17.4125
2015-12-31,282.5726625,37063.72,0.00047193875875,0.0097302165,296.57783,0.0047001353,268.286155,3.175926375e-05,221.8730275,17.346249999999998
2018-02-03,280.73093,37063.72,8.6444431e-05,0.0086586665,297.19952,0.0027896727,267.6812425,5.651498175e-05,221.31942,15.348333333333333
2018-10-27,281.593885,37063.72,0.00037331251325,0.0083920085,296.9665675,0.0045437825,268.2194475,5.1914248e-05,220.7211325,17.651666666666664
2018-02-12,280.653975,37063.72,0.00036344502605,0.00887437125,297.220125,0.00416983635,268.2362325,3.0821189e-05,220.9708575,15.233333333333334
2016-07-21,280.368595,37063.72,1.60650815e-05,0.004411713625,296.7968075,0.00116140325,265.8555825,3.594276475e-05,218.2521925,15.539666666666664
2016-12-28,279.46664,37063.72,0.0004720997626999,0.0087462045,297.15723,0.00464643495,268.6833025,8.614850375e-05,220.3345675,16.870833333333334
2018-06-12,279.28238250000004,37063.72,0.0001434044705,0.007136406875,296.7503825,0.002938018675,267.2223125,3.498746175e-05,220.0082825,14.581666666666669
2014-06-06,281.8017575,37063.72,3.11371405e-05,0.0064021805749999,297.19332,0.0020097429,267.8315925,2.432242025e-05,220.93924,16.291249999999998
2015-03-18,281.5941425,37063.72,0.0005940221025,0.00923848975,297.12289,0.004514858375,268.631455,3.915350025e-05,220.7774025,15.941666666666666
2018-10-13,279.685405,37063.72,0.000599261599175,0.008274390725,297.0580725,0.004208724025,267.8184925,6.58896755e-05,218.3066825,15.222916666666666
2018-07-13,280.4278925,37063.72,1.65437815e-06,0.005889745825,296.655025,0.00279045385,267.10181,2.743583175e-05,217.807235,14.95
2014-03-03,280.3493575,37063.72,0.0003524043185,0.008317705875,297.0870375,0.00375448635,267.9020925,8.0205966e-05,219.58106,14.927916666666668
2018-02-01,280.4860925,37063.72,0.0003070167724999,0.009117852925,297.05354,0.003318301375,267.80243,3.9241043e-05,219.95904,15.691666666666668
2015-12-25,282.47173,37063.72,0.000285190421,0.008281027675,296.6705625,0.00452215515,268.5515975,2.9452145e-05,220.2296625,18.485416666666666
2015-08-18,281.682475,37063.72,1.34937005e-06,0.006184261275,296.5942375,0.003141972725,266.545825,3.459304575e-05,218.5680875,16.490000000000002
2018-11-02,280.37235250000003,37063.72,0.0006056429149999,0.0085776795999999,297.14887,0.004355681,267.5321025,5.200086075e-05,219.7208475,17.770416666666666
2016-03-21,282.656255,37063.72,0.0007009379316925,0.0102328015,296.7804775,0.005145743075,269.158665,9.6446835e-05,222.022815,17.60875
2018-01-30,281.13035,37063.72,0.0001668030165,0.008116236,297.280195,0.00305737255,268.4422875,1.6845995624999998e-05,220.1137675,17.650416666666665
2014-04-21,280.3884125,37063.72,0.000158662679375,0.00892368495,296.9557175,0.0035297995,267.9326775,2.588843925e-05,219.27816,16.829166666666666
2015-04-14,280.03813,37063.72,0.00045117700925,0.00910242065,296.861745,0.003826135325,267.5239725,3.0447031e-05,219.5568325,16.087500000000002
2018-12-01,280.19166,37063.72,0.0,0.0064351275749999,296.95817,0.000768904575,267.5656325,5.56467565e-05,220.51227,15.01
2018-12-10,281.43729,37063.72,0.0004788419475,0.007603579075,297.0674975,0.0036516239,267.53071,5.1306328e-05,219.4320075,15.41375
2015-08-08,280.9277775,37063.72,6.002676625e-05,0.006610878125,296.97305,0.0018835978,267.535275,1.5770318e-05,221.257285,15.391666666666666
2018-02-24,278.05021,37063.72,7.628148935000001e-05,0.00698181125,297.2585425,0.0013927561275,267.1517675,5.009141725e-05,218.74116,15.660416666666666
2018-11-09,282.16242,37063.72,0.00075962405,0.0091396405,297.0524825,0.0050659878,268.93265,7.59586675e-05,220.38898,16.054166666666667
2016-01-16,282.0599825,37063.72,6.0690567100000006e-05,0.00823076175,297.102585,0.0015625322849999,269.506315,9.0525021e-05,221.9011425,17.995833333333334
2014-05-05,281.3270575,37063.72,0.00018030568075,0.008597451925,296.944605,0.00443794325,268.0396575,5.5148965e-05,220.42306,16.27166666666667
2016-02-22,281.97332,37063.72,0.000153939471575,0.00918020275,297.0816675,0.003177860725,269.6836925,9.481632225e-05,222.157275,18.070833333333333
2016-08-16,281.52954750000004,37063.72,3.741402175e-05,0.006656026575,296.941535,0.00273854145,267.34838,3.937538675e-05,220.326055,16.771666666666665
2015-10-02,280.615385,37063.72,4.363316055e-05,0.006748440475,296.95255,0.00157116025,266.9189925,3.359792775e-05,220.50777,16.004583333333333
2015-07-04,280.37444500000004,37063.72,0.00020352180955,0.007413697425,296.61968,0.003619170175,266.5811575,1.48583205e-05,221.154455,17.708333333333332
2014-11-21,280.03591,37063.72,0.0,0.005681386,297.0231075,0.0009192782425,267.1851475,6.2731795e-05,219.8929875,15.7775
2014-04-11,280.61978,37063.72,3.6688754225e-05,0.00912356175,297.0210275,0.0039785960249999,268.4502425,7.23754055e-05,220.6408525,15.804166666666664
2016-05-07,281.4148875,37063.72,0.00011574034515,0.008782678725,296.8166575,0.0038482968,268.1341475,4.53828835e-05,220.48002,15.707916666666666
2018-02-22,278.591685,37063.72,7.758138275e-05,0.007190137875,297.1848525,0.002142644975,267.57576,4.91365785e-05,218.78726,15.884583333333332
2014-01-27,280.8964775,37063.72,6.03434165e-05,0.0075781186,297.3058775,0.001125667,267.7825975,7.888721225e-05,219.8520025,15.183333333333334
2014-10-29,280.62345,37063.72,0.000154639591375,0.0081318404,296.7657175,0.00396408975,267.9670675,5.333568e-05,219.781135,16.025
2015-03-07,280.9537375,37063.72,0.0003234758077499,0.0090471965,297.0264125,0.004800430325,268.5215675,4.910351775e-05,220.318005,16.620833333333334
2018-06-27,280.1178225,37063.72,4.0120212875e-05,0.00598062845,297.10103,0.00157625715,267.0480275,3.0213501e-05,218.0454275,14.691666666666668
2018-09-27,279.9846825,37063.72,0.0001783840069,0.007883517925,296.8268575,0.003771325,266.5391525,1.927628175e-05,220.3984075,16.520833333333332
2014-03-14,280.01799,37063.72,0.0004265862565,0.008698915125,297.110645,0.004577403725,267.2782425,6.174272900000001e-05,219.1340025,15.27875
2015-10-21,281.2833225,37063.72,9.6212955525e-05,0.00891361475,296.6652675,0.004548606125,267.9119825,4.80257445e-05,220.68199,17.975
2014-10-23,281.305,37063.72,0.0002244769149999,0.00847406375,296.8872925,0.0041281951,267.57315,2.1932181e-05,218.9794225,17.5
2015-03-26,279.7177825,37063.72,4.698196425e-05,0.0079813588999999,297.0992125,0.00297621835,267.62893,3.6417274e-05,218.91228,16.654166666666665
2015-06-02,281.33162500000003,37063.72,6.3175684e-05,0.00747381365,296.7348775,0.003751591425,267.9512025,2.29845755e-05,220.647,15.11875
2015-10-30,281.3661825,37063.72,0.000344167936345,0.00860880525,296.9674,0.00390706395,268.2582925,8.01153945e-05,219.75861,16.804166666666667
2016-12-15,280.2678575,37063.72,0.00042661768175,0.00920655,297.094785,0.00440158665,267.7779875,7.971166625e-05,220.1947975,15.082083333333332
2018-01-17,279.3818975,37063.72,0.00029088591635,0.009127227625,297.234105,0.0040520451499999,267.444435,5.2869087e-05,219.09043,14.207083333333337
2014-03-29,280.2398675,37063.72,1.8183608500000003e-05,0.00721372385,297.164495,0.0013092244,268.9028525,3.09988395e-05,219.7266025,16.510416666666664
2014-12-24,282.16252,37063.72,0.0003172443275,0.00901476275,296.854295,0.004740520125,268.42385,3.37187675e-05,221.2459575,18.01458333333333
2016-03-07,280.0347525,37063.72,0.00061175925,0.00876937675,296.9092525,0.005082235575,268.1824025,9.35287685e-05,221.086995,14.658333333333337
2018-11-18,281.80509,37063.72,0.000277886750975,0.00820711825,297.0427125,0.004129559875,268.7611625,7.890956575e-05,221.1863475,16.795833333333334
2016-09-17,281.5703325,37063.72,6.0690567900000006e-05,0.007319597025,296.9078275,0.0033143167249999,267.0624425,4.040542975e-05,219.23875,17.483333333333334
2015-07-14,280.826145,37063.72,3.018835575e-05,0.00722497425,297.159645,0.002653996025,267.186495,1.477543275e-05,220.7512525,14.958333333333334
2014-01-17,281.2041025,37063.72,0.000973456313125,0.009124798,297.066535,0.0042042721999999,268.07022,5.275872675e-05,220.57416,16.8875
2014-02-26,280.825885,37063.72,0.0003941617925,0.008616244325,296.9185575,0.00466073415,267.3800175,7.468322275000001e-05,219.55709,16.229166666666668
2018-01-21,280.4293025,37063.72,0.00012065598325,0.008687919,297.18555000000003,0.003587997425,267.75808,6.701774e-05,218.4949325,17.26375
2015-01-01,281.96125,37063.72,0.000231111304,0.0099328517499999,297.175895,0.0043735647499999,267.4529375,1.950166175e-05,221.3209,16.501666666666665
2018-11-29,281.1871375,37063.72,9.27667125e-06,0.0072588855,297.043045,0.000834007035,268.9427825,7.4917218e-05,219.9010675,15.233333333333334
2018-01-09,280.1517675,37063.72,0.00036196760175,0.00853627475,297.16948,0.0042591563499999,267.0700325,4.56643765e-05,218.9660925,16.225
2015-06-19,281.47969,37063.72,8.19668662e-06,0.006702669275,296.713675,0.002928788775,267.3981825,1.9004103e-05,220.4116525,16.783333333333335
2015-04-03,280.954665,37063.72,0.0001511919485,0.00900324985,297.04231500000003,0.0039838467,268.2201225,5.490798475e-05,220.2208275,15.958333333333332
2016-06-03,279.622425,37063.72,9.060720815e-05,0.007642714375,296.745365,0.003506813825,267.2118025,7.027131599999999e-05,219.9904575,15.565416666666666
2014-10-18,280.3207175,37063.72,0.00028023404175,0.0074430264,296.8522175,0.003063529075,267.13931,2.3250701e-05,219.6734525,16.625
2014-03-07,279.76948,37063.72,0.000569076527,0.008429389875,296.9974075,0.004115419475,267.73919,6.627617425e-05,220.1885925,16.208333333333336
2016-04-30,280.928025,37063.72,4.205526825e-05,0.007290417675,297.03022,0.001393978955,268.73083,3.027822925e-05,221.1313325,17.161666666666665
2014-05-12,281.93191,37063.72,0.000125513876625,0.008170167575,296.99532750000003,0.001746564175,268.7298575,7.3282049e-05,219.81518,16.504166666666666
2014-04-19,280.58027,37063.72,0.0001693633383,0.00940223625,296.89251,0.003778719025,267.52764,4.229089325e-05,218.6664575,17.9775
2015-05-30,281.5290975,37063.72,0.000395298359,0.00845623465,297.10627750000003,0.0043342612,268.1300175,4.213862075e-05,220.4158925,15.5
2014-07-02,280.23895000000005,37063.72,0.0001683172303,0.0075807563,296.8911125,0.0035933483249999,266.9128175,1.855241125e-05,219.923905,16.0125
2018-11-16,281.15788,37063.72,5.4123928875e-05,0.008844684875,296.93268,0.0048754558,268.8994675,7.9170335e-05,221.1542225,17.325000000000003
2015-12-16,281.742665,37063.72,0.00035076530325,0.008254825075,296.8893025,0.0038821054749999,268.0042175,6.651692075e-05,220.7374675,17.510416666666668
2016-06-14,279.79886,37063.72,0.000101317416575,0.005733705,296.7347175,0.001973187075,266.24086,2.7274713e-05,219.3898775,15.358333333333333
2016-09-08,281.42537500000003,37063.72,8.725142100000001e-05,0.00669112745,296.7960875,0.0022671252999999,268.1089625,2.9506162e-05,219.9205775,16.08791666666667
2018-08-05,278.8386975,37063.72,0.00032698805575,0.00747710775,296.9281325,0.00265773245,267.7661175,4.5751221e-05,217.05492,14.58
2014-11-09,280.63479,37063.72,0.0004370456975,0.00929854725,296.93974,0.003869797075,268.0455675,7.72385385e-05,220.560615,17.254166666666666
2018-09-09,280.62689,37063.72,4.791969e-05,0.005883235675,296.79193250000003,0.002650615,266.661395,2.8303824e-05,219.6831275,16.037916666666668
2014-03-20,281.51418,37063.72,0.0009309747265,0.009646045375,297.013735,0.0046421888499999,268.2345275,4.57526185e-05,220.50608,16.009999999999998
2018-02-16,280.99658750000003,37063.72,0.00033927837,0.008970201625,297.2002125,0.0044759027,268.27115000000003,7.7868113e-05,219.3722825,15.394583333333332
2014-10-14,281.1261625,37063.72,3.44358845e-05,0.006423693325,296.97275,0.002454665525,267.23899,1.591490575e-05,218.84743,17.7875
2014-07-09,281.82885,37063.72,0.0001075719492499,0.0070380789,296.76711,0.0038539716749999,267.4463625,3.8499478e-05,218.593165,17.241666666666667
2015-11-14,282.6316925,37063.72,0.00031767820625,0.0092326027499999,296.8112125,0.004493796975,268.39257,1.817499275e-05,220.5194375,17.983333333333334
2018-05-13,279.4432175,37063.72,0.0003113300765,0.008375776375,296.929195,0.004097442825,266.66768,2.5960151e-05,219.700585,15.554166666666664
2018-08-14,279.4427475,37063.72,0.00011013844,0.0060982459749999,296.898805,0.00272847665,266.17592,3.229686975e-05,220.21121,15.316666666666666
2016-04-12,280.818595,37063.72,7.8826211635e-05,0.0086495695,297.0830775,0.0026843883,269.23954000000003,0.0001015961185,221.42436,15.309166666666666
2016-03-17,281.6655175,37063.72,0.000221484341575,0.0085626325,296.88689,0.00424916825,269.22962,3.6285957875e-05,221.1434025,18.52
2014-03-01,280.54964,37063.72,0.0002963254285,0.0091651855,297.19331750000003,0.004467945275,268.0268,8.506886625e-05,220.1205125,16.866666666666667
2016-01-30,281.6689525,37063.72,0.0003800646,0.00903198925,297.0724325,0.00480589095,268.736165,6.5636821e-05,222.544655,15.869583333333331
2015-09-15,281.72969,37063.72,3.2487442e-05,0.00714678185,296.871645,0.003005239675,267.8494375,2.928613725e-05,219.8352975,17.457083333333333
2016-01-03,281.4155475,37063.72,0.0001058154749,0.008704152,296.8230525,0.002066217575,269.0004425,4.392419975e-05,221.0071725,16.84583333333333
2016-03-03,281.844245,37063.72,0.00041283760075,0.01008638975,297.13735,0.004601207075,269.480415,9.55886225e-05,221.9919575,16.295833333333334
2016-06-06,280.4749225,37063.72,9.50342522e-05,0.00717473055,296.69923,0.00383816985,267.8329625,2.0494918e-05,222.0132425,16.433333333333334
2015-04-16,280.18541,37063.72,0.00018737802675,0.008275720425,296.9094425,0.003232768725,267.552595,7.464270999999999e-05,219.505945,16.354166666666664
2016-05-20,281.842445,37063.72,5.0551956765e-05,0.007980592525,296.73861750000003,0.00364361295,268.30833,3.9718813e-05,222.35274,17.70416666666667
2016-04-03,280.9791275,37063.72,0.0004268321289999,0.0096434665,296.931245,0.0045745167999999,268.7177125,5.542417075e-05,222.009695,16.89375
2015-01-27,281.5089275,37063.72,0.0003282740854999,0.00906195625,297.16247,0.0043936311,267.59853,5.457643425e-05,219.3907425,16.169166666666666
2016-08-29,280.6936,37063.72,2.663279959e-05,0.0072296563,296.7535275,0.00324368555,266.9595825,2.152472725e-05,217.142535,16.95041666666667
2014-08-02,280.6770475,37063.72,1.71375e-05,0.00502438725,297.02138,0.0015428955625,265.6463375,1.2700446e-05,221.0934675,17.545833333333334
2018-04-08,279.971375,37063.72,0.000397656352,0.009050668,297.3039525,0.004219400575,267.20939,5.503883625e-05,220.06941,11.675
2014-08-15,279.473475,37063.72,0.0001550419257499,0.00626436835,296.6799225,0.00309913615,266.4814,2.3250701e-05,219.318105,16.195833333333333
2016-08-11,280.1703875,37063.72,0.0001415160972,0.0074186349,296.6204875,0.00391437915,267.22953,1.817778675e-05,219.039735,17.642083333333332
2015-08-03,281.24892,37063.72,5.32795675e-05,0.00564910365,296.6716275,0.001866268,268.0399,2.232100775e-05,218.7677375,18.3575
2018-03-21,280.4429125,37063.72,0.000378925815625,0.00892480375,297.005335,0.00412044565,268.5540475,8.52465165e-05,220.0823325,17.119166666666665
2016-03-06,280.922945,37063.72,0.00058198509875,0.0094945665,296.8879625,0.005016668,268.7425475,9.224144875e-05,221.226765,15.9625
2014-11-06,281.6716,37063.72,0.000447183615,0.00892384925,297.15441500000003,0.004441652175,268.24391,8.218409600000001e-05,220.342125,17.146666666666665
2018-03-23,280.1577025,37063.72,0.000355527271,0.00908816625,297.1335075,0.004461406875,267.831075,7.68266615e-05,219.3834575,14.2825
2018-07-27,280.5026775,37063.72,1.737161075e-05,0.006042171475,296.7367475,0.0027066893,266.405385,2.109934575e-05,218.5207775,15.3875
2014-01-10,280.50677,37063.72,0.0002054083141,0.00861047475,297.027635,0.004368047875,267.4946375,6.701774099999999e-05,218.6952925,17.403333333333332
2016-06-30,280.43494250000003,37063.72,1.6350765e-05,0.00572495115,296.74925,0.001886249975,266.2500825,3.225239925e-05,219.68467,16.0875
2018-01-07,280.0109625,37063.72,0.0005833081535,0.0086668263749999,297.034325,0.004193533425,267.06793,7.77815005e-05,219.36285,14.4
2016-03-13,281.324945,37063.72,0.0002818177373999,0.00922234125,296.903225,0.0038675206,269.46978,4.950258925e-05,221.679425,17.892500000000002
2016-05-15,281.9058425,37063.72,7.93260973e-05,0.007962999375,296.5140625,0.0039142934749999,268.191255,2.13531315e-05,220.489595,18.0375
2016-10-09,280.4646,37063.72,0.00013644667435,0.0080501938,296.97948,0.002693056125,268.2817225,6.54652275e-05,220.3544325,16.691666666666666
2016-08-14,278.7343975,37063.72,0.00028538797164,0.007041364325,296.727265,0.00320189045,266.5789275,3.3368123500000004e-05,218.587785,17.12875
2015-04-27,281.9143475,37063.72,0.0003294736343449,0.0076549909749999,296.8504425,0.00344097765,268.5477175,3.177393275e-05,220.05969,17.599999999999998
2015-11-01,280.7346775,37063.72,1.79931525e-06,0.0066398998,297.131365,0.0014469479249999,267.5540025,8.63345325e-05,220.4636,18.06875
2018-03-29,280.5460125,37063.72,0.0005618594632499,0.0098579335,297.1240775,0.004452292575,268.3881475,7.656612449999999e-05,219.8298175,16.618333333333332
2016-08-30,280.8864125,37063.72,0.0003620716782499,0.007441977975,296.8645525,0.004351552925,266.5345975,1.4744699e-05,219.96102,17.26125
2018-09-24,279.9651175,37063.72,0.0009397804825,0.00828819215,296.61311,0.003705962375,266.951625,3.1862641e-05,220.668045,18.275416666666665
2015-01-26,281.4391925,37063.72,0.00044153059275,0.00903417825,296.9949725,0.0044471965749999,268.25476000000003,7.9700955e-05,219.8755725,15.791666666666666
2016-10-18,281.0302425,37063.72,0.0003268001565,0.008708443125,296.8670375,0.00402019685,267.44629,1.7062062250000002e-05,220.0436725,18.29583333333333
2016-06-08,280.550755,37063.72,0.0005754162575,0.008066929,296.6038225,0.00408619325,267.4995075,4.92450785e-05,220.578635,16.3125
2015-01-05,281.20466250000004,37063.72,0.0005499391125,0.0088778765,296.8090825,0.0040915581,267.427145,2.447702e-05,219.4684875,16.887500000000003
2016-12-23,279.5699925,37063.72,0.0004443251675,0.0084722628,297.1809925,0.00435524325,267.2565,7.542059875e-05,219.3866825,15.070833333333333
2015-08-25,280.60303,37063.72,0.00012625148575,0.00724686505,296.76951,0.0038387389,266.783995,4.03143935e-05,220.57774,17.36958333333333
2014-09-17,280.0829125,37063.72,0.0002778202697,0.00888206035,297.0498675,0.003654753725,267.04412,5.267630425e-05,219.91244,15.745833333333334
2016-03-14,281.5249725,37063.72,0.0002275535389,0.008785081375,296.9383475,0.00350698535,269.11361,4.8644375e-05,221.7525025,17.4075
2014-08-14,280.046175,37063.72,7.76420339e-05,0.006478010325,296.660465,0.0027226248,266.2653325,1.37719325e-05,219.61093,16.170833333333334
2018-06-08,280.14723000000004,37063.72,3.326602655e-05,0.00632983575,296.729415,0.00214559635,266.911115,1.92765145e-05,220.658265,15.645833333333334
2018-10-26,280.66819,37063.72,7.391802325e-05,0.007358014275,296.9525975,0.003564647625,268.2900075,7.344107175e-05,220.1483375,16.65458333333333
2014-12-11,280.054575,37063.72,0.000339048455375,0.008281933975,296.99984,0.00411228725,268.5554925,4.583504025e-05,220.265705,14.633333333333333
2014-04-20,279.7480325,37063.72,0.0001386285264,0.008342598125,296.9244675,0.003507380375,267.687435,3.479048625e-05,218.9895075,17.79125
2016-07-12,280.440345,37063.72,7.49714675e-06,0.00591650445,296.8883225,0.0023066888,267.062815,2.25545375e-05,219.643515,15.457083333333332
2014-02-06,279.82735,37063.72,0.000274682186,0.00864740025,297.126275,0.0046046035749999,267.53147,5.226419325e-05,219.215985,15.823333333333334
2015-01-18,280.581765,37063.72,0.00052459863,0.00879785975,297.17767,0.004599518275,268.3929375,1.29509715e-05,219.2677725,14.405833333333332
2015-05-18,280.8963425,37063.72,0.000183679396,0.00834429445,296.491405,0.003810961,266.3302625,3.169104475e-05,219.78865,15.208333333333332
2014-07-27,280.0362125,37063.72,0.0001042732044999,0.0075955925,296.75808,0.00420625035,266.7752625,3.33890785e-05,220.6485,16.037499999999998
2016-08-23,280.0504775,37063.72,5.2122633015e-05,0.006928766875,296.7616825,0.0029858784999999,267.846795,2.195383425e-05,218.9240875,16.864166666666666
2015-05-03,280.2076175,37063.72,7.522106175e-05,0.0082727356,296.9076825,0.0037182581499999,268.36748,7.248669775e-05,219.794305,16.883333333333333
2016-01-29,281.963485,37063.72,0.00055206822,0.00955936125,296.973465,0.005224613025,268.5513225,5.945773025e-05,222.74367,16.11375
2016-03-30,281.4714,37063.72,0.00039484445075,0.0101096479999999,296.865625,0.0045936549,269.15689000000003,9.370059625e-05,222.022465,18.80125
2016-01-09,281.5349575,37063.72,0.000110599445675,0.00794042845,296.86633,0.0019616868999999,268.579015,2.349866575e-05,221.4101625,15.957916666666666
2016-02-25,282.4216775,37063.72,0.0006505295297499,0.0104126825,296.89081,0.0054525545,269.6680925,0.000104513951,222.1505325,16.775
2016-07-19,280.175475,37063.72,8.7108925e-06,0.0053179008,296.7992775,0.00125288871,266.5831825,3.86887695e-05,220.01139,15.740416666666668
2016-06-04,279.0112325,37063.72,7.425644349999999e-05,0.007055953875,296.596725,0.00314713665,267.404075,3.559957275e-05,221.70568,17.226666666666667
2018-01-31,280.49423,37063.72,0.0002371165906,0.008715348925,297.1457375,0.003307016875,268.13912500000004,3.50745395e-05,219.097765,17.468333333333334
2014-07-06,280.3343525,37063.72,0.0004139542670999,0.0074504444,296.79072499999995,0.0041864685749999,267.1406825,2.333335575e-05,219.3045575,16.69833333333333
2018-06-24,279.7604875,37063.72,1.1462951175e-05,0.00641316635,297.0014925,0.003102683475,266.95862,4.40152365e-05,217.600825,14.570833333333333
2014-12-18,280.13681,37063.72,0.000289727934,0.0083393835,296.9525975,0.0040476672499999,267.430045,7.84751025e-05,219.9311925,15.816666666666666
2014-02-05,279.79932,37063.72,0.0003411402,0.008454364125,297.34962,0.0030140749999999,268.09871,7.3611968e-05,219.6477525,17.02125
2018-09-22,280.44432,37063.72,0.000108956593475,0.0067549088,296.8432675,0.002827518475,267.22055750000004,1.0596122625e-05,219.4449275,17.023333333333333
2014-09-05,279.59307,37063.72,0.0001994546059499,0.0076482613499999,296.783435,0.00338053045,266.742955,5.506630975e-05,218.62963,15.700833333333334
2015-10-13,282.27348,37063.72,4.8381276095e-05,0.00825764425,296.8861275,0.002525388825,268.5374625,4.76113055e-05,221.0530325,18.42083333333333
2014-01-06,281.67282,37063.72,0.0006953950425,0.0091893355,297.1328825,0.0045943830499999,267.9941525,7.22929825e-05,219.8651975,15.7
2016-12-01,280.712615,37063.72,0.00030973531,0.008849104,297.0550425,0.0038329348,268.4374575,5.47377865e-05,219.2667775,18.04833333333333
2014-02-21,281.0255575,37063.72,0.0005466290815,0.009141777375,297.2336125,0.004517976325,268.5054725,7.7568229e-05,219.460175,15.2375
2014-04-16,281.376675,37063.72,0.000209592057,0.008722818,297.1606675,0.00376363525,267.81735000000003,3.18230595e-05,219.4976925,17.047083333333333
2014-12-06,280.9156175,37063.72,0.00034049664675,0.00931428975,296.8998075,0.00424680265,267.751695,6.29790595e-05,220.076395,16.735833333333332
2016-12-27,280.5713925,37063.72,5.426490664e-05,0.0083799189,297.118205,0.0031486815,268.9007625,7.988326225e-05,219.6804125,16.733333333333334
2015-09-13,281.37712750000003,37063.72,8.5217179e-05,0.00735208885,296.6465325,0.0030588051499999,268.2589925,5.134264975e-05,220.00456,17.259166666666665
2016-07-13,280.236725,37063.72,0.0,0.0059530641499999,296.9553675,0.00226094595,266.8272525,1.86928085e-05,220.1419375,15.180416666666666
2018-07-23,280.4859325,37063.72,0.0001272147085,0.0067780851,297.0381625,0.003087406325,267.1342925,2.04050445e-05,219.9066525,15.433333333333334
2018-02-27,278.9577625,37063.72,0.0011022110725,0.0088062310999999,297.1827575,0.0044213907,268.3064275,6.389315175e-05,219.13478,14.457916666666666
2016-03-18,282.0072375,37063.72,5.219387725e-05,0.008456986525,297.01532,0.0035093027,269.3289425,3.971881225e-05,221.3402775,18.341666666666665
2016-11-08,281.19963,37063.72,0.000168433878,0.0085630618,297.1008225,0.003433694025,268.0929975,2.42709645e-05,219.481045,16.69875
2016-02-14,282.337485,37063.72,4.448252825e-05,0.008559629,296.9805575,0.004374724675,270.37368,5.954364275e-05,221.98415,18.34583333333333
2016-12-30,281.54299000000003,37063.72,0.000668165720215,0.009909512125,297.13664500000004,0.004295940475,268.2292175,6.572273525e-05,219.802445,16.21666666666667
2016-03-20,282.8230325,37063.72,0.00059269507525,0.0101736703749999,296.8638475,0.0046295281,269.2484075,8.709216625e-05,222.1952225,18.97625
2016-11-14,279.55199,37063.72,1.7853453925e-06,0.0069125465,296.973815,0.0006960800475,268.699265,7.181614725e-05,220.51159,14.86925
2014-02-12,281.30915,37063.72,0.0005031817135,0.00933811075,297.0106075,0.0047483504749999,267.6780675,7.278751575e-05,219.6126675,17.358333333333334
2014-07-18,280.2478425,37063.72,3.48382169e-05,0.006224805025,296.61114,0.00311059295,265.825235,2.76193025e-05,219.3500625,16.420833333333334
2015-09-12,281.34867,37063.72,0.00012435205762,0.00746751155,296.77128,0.0030554054499999,267.907735,4.1889958e-05,220.48127,17.625
2015-12-03,281.8859025,37063.72,0.0002992851705,0.00849512385,296.6846925,0.003611956225,267.698895,5.4659322e-05,218.8575,17.5125
2014-02-11,281.174095,37063.72,0.0004213564054999,0.00876955225,297.038055,0.0043739,268.338735,6.850156875e-05,219.4018175,17.433333333333334
2014-11-04,281.101205,37063.72,0.000107813395,0.00788564125,297.06688,0.00436755335,268.64405750000003,6.866641275e-05,219.657475,17.115
2018-04-06,279.5830825,37063.72,0.0004534345480999,0.00835607245,297.15864750000003,0.003923837275,267.6445575,7.13581685e-05,218.7327825,16.058333333333334
2015-04-28,281.7617525,37063.72,0.000159738587275,0.008259468575,297.06387,0.0034294521,268.5310975,4.55384145e-05,219.978765,16.925
2016-06-13,280.5612425,37063.72,7.15435e-05,0.0063325661,296.65383,0.00192040695,266.1681375,3.2252399e-05,218.7843175,15.787499999999998
2016-11-21,280.1549825,37063.72,5.2123795e-06,0.0063702415749999,297.270735,0.002281543125,268.9185025,1.5173806e-05,219.3189225,14.48125
2014-08-22,280.0901175,37063.72,2.204533625e-05,0.00552651185,296.7375775,0.0030999604,266.36850000000004,3.05869625e-05,218.7491275,15.266666666666666
2015-11-10,282.0363,37063.72,0.0001258515975,0.0087331835,296.81014500000003,0.0045185067,267.6236275,3.39294785e-05,219.9600375,17.2675
2018-09-17,280.3543625,37063.72,0.0003575362475,0.008679759375,296.6735375,0.004151868125,267.40567,3.880704725e-05,218.7366175,16.970416666666665
2014-06-09,281.8132325,37063.72,7.36187212e-05,0.0071607253749999,297.10334750000004,0.002459775875,268.59404,2.02010855e-05,220.1674,17.554166666666667
2018-12-04,281.30728,37063.72,2.363231e-07,0.0065925877,297.12653,0.003469685075,268.360555,4.0716724e-05,220.3268175,15.04625
2016-05-24,281.88815,37063.72,0.00018407055,0.00896256,296.5910425,0.004505344625,268.26894,3.036437525e-05,221.3381525,17.641666666666666
2016-09-02,280.4670575,37063.72,6.318953925e-05,0.0065665149499999,296.64213,0.002815523325,266.5086925,3.6028447e-05,218.69492,17.529166666666665
2015-02-24,279.7828175,37063.72,0.00051190366825,0.009008722,297.10663,0.004587992675,267.5815725,6.9004251e-05,219.653305,16.25125
2014-05-30,282.4478,37063.72,0.0001048361885,0.007308593375,297.126285,0.00310103165,268.29011,1.401919875e-05,220.4612675,16.127916666666668
2016-06-21,280.20036500000003,37063.72,0.000156581402265,0.0066010151,296.7638075,0.0032768984,267.14192,4.237936825e-05,219.4349225,14.991666666666667
2014-11-18,280.6488725,37063.72,4.4975895375e-05,0.007089676225,296.82546,0.00415382895,266.4087975,4.773098e-05,219.4646925,16.35
2016-02-29,282.3338675,37063.72,0.00088465143775,0.010760431,296.964585,0.005249844425,269.693275,9.146938125e-05,221.6191175,17.72083333333333
2014-03-26,280.81026,37063.72,0.000233327271925,0.0089042325,296.9939425,0.00445030675,267.985815,7.674400749999999e-05,219.4421125,15.329166666666667
2014-05-13,281.7619425,37063.72,0.0001362147745,0.00821129725,296.93106,0.003085536175,268.426615,5.03682525e-05,219.7328525,16.945416666666667
2014-06-26,281.478805,37063.72,0.000231396166,0.0082441017,297.0130375,0.004315543975,267.234125,6.495718824999999e-05,219.07252,15.558333333333332
2018-08-24,281.01034500000003,37063.72,6.877735715e-05,0.006764457125,296.87121,0.00326812955,266.4224925,1.398171285e-05,219.0890325,16.520833333333336
2014-05-14,281.60392,37063.72,0.000311853835,0.008809033125,296.9189,0.0042758158,267.74822,2.07782725e-05,219.539725,17.138749999999998
2014-01-24,281.18665,37063.72,0.0002507863112499,0.008917997,297.0158175,0.0043373039,267.828115,6.042397575e-05,219.7992025,16.695833333333333
2016-12-31,281.2757125,37063.72,0.00061767293,0.00979144,297.157355,0.004300237875,268.2296075,7.91817435e-05,219.6980125,16.05
2016-04-23,281.915825,37063.72,0.0003263715175,0.009653765,296.85851,0.0047060808,268.7265775,2.83904375e-05,221.4048475,16.775833333333335
2014-09-16,280.2960775,37063.72,0.00047180336,0.00909924675,296.81331,0.00411220485,266.7843,5.42420885e-05,219.75509,15.833333333333334
2016-11-18,280.0693125,37063.72,4.00557175e-05,0.00669198575,296.808145,0.001943149625,267.5743575,8.082739250000001e-05,220.6577475,15.572499999999998
2015-10-29,281.11555,37063.72,0.0002918880315,0.00909711375,296.6945925,0.003909634375,267.95615250000003,5.573732825e-05,219.83529,16.191666666666666
2016-02-03,282.5053875,37063.72,0.0010121725525,0.0098184555,296.960335,0.00496680575,268.5186925,9.06111675e-05,221.0571925,16.84166666666667
2018-08-21,280.2436075,37063.72,8.65625904e-05,0.006370980275,296.645585,0.00319504145,266.88247,2.014474025e-05,218.2881725,16.02916666666667
2018-06-19,279.48217,37063.72,1.955789e-05,0.0055924466,296.67423,0.002564332675,265.83853,1.6585225e-05,219.7920925,15.036666666666664
2016-08-02,280.187425,37063.72,1.35670415e-06,0.0058725639,296.7272725,0.003010251775,266.18515,2.306932575e-05,218.645965,17.195833333333333
2016-10-24,281.8570125,37063.72,4.72674151925e-05,0.0073945191,296.94437,0.0025789136999999,267.6265125,5.69690015e-05,219.4469825,16.652916666666666
2018-10-29,281.5939,37063.72,0.00088991107625,0.0084445245,296.9976575,0.00491946485,268.7517275,2.01442745e-05,219.58778,16.554166666666667
2018-06-22,279.521745,37063.72,2.718006725e-05,0.005891655425,297.08916,0.002290296625,266.9575725,1.71063e-05,219.1215075,14.291666666666668
2016-06-19,280.1825,37063.72,7.525621844250001e-05,0.00652326115,296.86065,0.003392414075,266.500525,3.748759625e-05,218.4061575,14.9125
2016-12-13,281.0231925,37063.72,6.0904770000000005e-05,0.00750969125,296.9713275,0.003319036575,268.48073750000003,2.306955875e-05,219.2681925,17.76875
2014-06-01,281.5859975,37063.72,2.156267865e-05,0.006955655375,296.9550325,0.0028202967999999,267.801015,1.51731075e-05,220.8649075,14.625
2016-09-09,280.9879775,37063.72,5.1765702175000006e-05,0.00660702255,296.773735,0.003113065675,267.32319,4.486832775e-05,218.537055,16.916666666666664
2015-04-11,279.93026,37063.72,0.000349765757275,0.00801933585,296.782945,0.004163780375,267.31584250000003,2.2072345e-05,220.1600475,14.366666666666667
2016-07-22,280.3399375,37063.72,1.45656525e-05,0.00458584505,296.9748725,0.001079186585,266.52004,2.5043497e-05,219.0720225,14.927499999999998
2015-10-10,281.570695,37063.72,4.533247625000001e-05,0.00812655,296.9027375,0.002649850125,268.9883675,2.265302475e-05,220.8940175,17.938333333333333
2018-10-21,278.86374,37063.72,0.0005675317975,0.008637573675,297.046895,0.004783184675,268.0423825,7.3788455e-05,219.05585,13.465
2018-08-30,281.030075,37063.72,3.7875026375e-05,0.006328620425,296.817775,0.003111103325,266.30201,4.92231925e-05,218.98355,15.2125
2015-10-31,281.12211,37063.72,4.10341885e-05,0.0074073956,297.011575,0.002838738825,268.0331875,8.160807375e-05,220.2137575,17.679166666666667
2015-07-06,279.8178325,37063.72,9.9884345e-08,0.00622621835,296.7726975,0.00137215526,266.12636,1.87556725e-05,220.92087,14.624999999999998
2014-12-02,281.31267,37063.72,0.000377989833425,0.009331764,296.8511625,0.0049224292,268.8312925,1.69042035e-05,221.2608975,15.666666666666666
2018-04-13,278.5147,37063.72,0.0006493675839999,0.00789532315,297.208245,0.0037793976,267.0756225,7.6305587e-05,219.5832325,13.85
2014-01-31,281.400575,37063.72,0.00053472117675,0.0085301115,297.2482,0.004693786175,268.1977075,7.163360824999999e-05,220.06354,15.891666666666666
2016-01-18,282.49737,37063.72,0.0003086642875,0.009171792125,296.85852,0.0050751982,269.6162825,8.769286975e-05,222.562035,17.614583333333332
2014-02-08,280.7649425,37063.72,0.00032207183425,0.0087978235,297.1999225,0.0048357195,268.7309025,5.05330975e-05,218.914815,15.6375
2018-05-09,279.8516925,37063.72,0.0003487912468,0.008569780625,297.1394575,0.0036138649,267.6539875,4.08901835e-05,218.0765175,15.945833333333333
2015-07-08,279.688075,37063.72,9.9884345e-08,0.0055083077,296.9334725,0.00127671564,267.5313875,2.5555026e-05,220.197865,16.0875
2014-07-30,280.074655,37063.72,2.35741027e-05,0.005920909275,296.3016425,0.0035746379,265.942985,3.751041375e-05,218.7324575,17.0
2016-01-13,281.5128475,37063.72,6.611715384e-05,0.00812992175,296.90392,0.00334066375,268.1032775,2.79615635e-05,221.2054775,17.641666666666666
2018-08-20,279.9629425,37063.72,0.0001327097435,0.0068647143,296.755615,0.00327576825,266.4329775,2.64809935e-05,217.58999,16.029166666666665
2016-06-29,280.251635,37063.72,0.00011245603603,0.006889632175,296.608435,0.0031880735,266.72188,1.834915025e-05,220.1369775,16.65416666666667
2018-08-18,279.50892250000004,37063.72,0.00014523614465,0.007416258875,296.68855,0.003452151225,266.660335,1.7713987749999998e-05,217.9319175,16.3625
2015-11-02,280.742345,37063.72,0.0,0.0064448750249999,297.180495,0.000521408855,267.7808725,8.641718975e-05,220.241325,16.094583333333333
2016-07-14,281.0538275,37063.72,5.7835131925e-06,0.00622348715,297.0582425,0.003075819125,266.608385,4.023406675e-05,219.946475,15.509583333333332
2015-11-22,281.12758499999995,37063.72,0.000280892124,0.009134924625,296.905915,0.004210878125,268.3448625,9.213853625e-05,220.72192,16.758333333333333
2016-05-27,280.7648675,37063.72,0.000165934673875,0.0075362959,296.78544750000003,0.002605518325,267.77124,2.77897345e-05,220.1880625,17.229166666666664
2018-05-30,279.5822975,37063.72,3.515684575e-05,0.007477020575,296.6930875,0.002753215625,267.7874225,3.481400225e-05,220.654075,16.025833333333335
2014-08-07,279.2869725,37063.72,0.0003912651425,0.0077751112499999,296.8087925,0.0036725573,266.1618175,4.05600295e-05,220.110785,16.554166666666667
2014-07-13,279.56519749999995,37063.72,8.4480275e-06,0.005218083025,296.5923875,0.0017688188,266.0399,3.69334595e-05,220.142045,16.025
2015-11-28,282.6982975,37063.72,0.00026059989075,0.009459137,296.95822,0.004772569575,269.3678975,2.72130125e-05,221.0085075,17.25
2018-01-23,279.992975,37063.72,0.0004085283613499,0.00863366745,297.2519175,0.0028776906,266.8423125,5.382392625e-05,218.660135,15.56875
2016-03-19,281.71712,37063.72,0.0001415873424,0.00852289725,296.9773675,0.0037628187,269.4580675,6.0659368e-05,222.16578,18.3425
2018-07-07,280.9171,37063.72,2.4816255e-06,0.005116593825,297.109415,0.0011221051675,267.397995,1.476262675e-05,220.18956,15.654166666666663
2015-03-27,280.0023325,37063.72,4.198379e-05,0.007761458475,297.0303025,0.003060297825,268.295045,7.3647595e-05,219.6260975,16.666666666666668
2018-10-30,281.3795625,37063.72,0.00061982393,0.0093902405,297.07867,0.0048167771249999,268.26242,1.458916775e-05,220.2768675,17.045833333333334
2018-03-03,279.8936325,37063.72,0.000287872622,0.008951885875,297.134555,0.004235285575,268.3406475,6.797281075e-05,219.1641225,16.069583333333334
2014-07-23,280.0238125,37063.72,4.26429325e-06,0.006129605775,296.8629725,0.0016866424,266.51612750000004,2.061319525e-05,220.0847375,16.5125
2018-05-15,280.1333,37063.72,0.0001783248731,0.0081257846749999,297.09999,0.003657439825,268.3144575,4.783459125e-05,219.31081,15.054166666666664
2016-05-16,282.3263425,37063.72,2.81319953e-05,0.007572255,296.5690575,0.004070917175,267.837585,1.46590175e-05,221.5368175,18.175
2016-03-10,280.8382575,37063.72,8.16823449e-05,0.00905533275,296.735765,0.004525083525,268.6815175,9.438721475e-05,221.1519125,16.629166666666666
2018-11-25,281.755495,37063.72,0.00017743872575,0.009214811875,297.09334750000005,0.0047751118499999,268.9494075,7.69132755e-05,221.2820425,16.525
2014-01-12,281.2639675,37063.72,0.00033092219,0.0090952905,297.12767,0.0049023178,268.1504625,6.808922625000001e-05,218.7258525,17.7625
2014-04-09,280.5012575,37063.72,0.0004388154469999,0.00889310525,297.04674,0.0038041055,267.999025,3.27299355e-05,220.0329675,16.666666666666668
2015-09-11,282.6130725,37063.72,0.0001138063385499,0.007146450375,296.9698775,0.0029413925,267.7865325,3.79926055e-05,221.0487925,15.625000000000002
2016-09-07,281.0312375,37063.72,0.0001018170724425,0.007365511275,296.6034625,0.003573325275,267.346605,4.34950925e-05,220.110015,16.41166666666667
2016-05-30,279.9949375,37063.72,1.49228147075e-05,0.0071578237,296.740745,0.002548618925,267.8663125,1.9379193e-05,221.19768,16.104166666666668
2014-02-07,279.8339375,37063.72,0.00019165012045,0.009034626925,297.126615,0.0042889212749999,268.2182,6.133062e-05,218.86793,16.570833333333333
2018-12-06,280.5453875,37063.72,0.0002105274456,0.007495075575,296.981935,0.00438502025,267.597065,6.519514175e-05,219.4683225,15.943333333333332
2016-03-27,282.6156375,37063.72,0.00172996114,0.0107624045,296.83795,0.0053257106,269.3896125,5.7054684e-05,221.253725,17.19625
2016-01-05,282.297355,37063.72,0.00042154826,0.00959815275,296.85462,0.00446938575,269.0483325,5.88570255e-05,220.705635,16.7225
2015-12-04,281.6401025,37063.72,0.00071417621,0.0086337635,296.72711,0.0037273790249999,267.5137175,2.480857075e-05,219.9087975,16.5625
2016-09-03,279.2722,37063.72,0.000134090420365,0.0073314403499999,296.896835,0.002248415975,266.71443750000003,2.4614389875e-05,220.2221175,17.002916666666668
2014-05-04,281.828095,37063.72,0.0002497404357499,0.00898904625,296.767805,0.00438964295,268.0723,7.44359565e-05,219.3597925,17.0275
2018-04-24,279.9777925,37063.72,0.00031434361175,0.008117798675,296.7343025,0.0040629822,267.25235000000004,2.951896775e-05,218.5155425,15.820833333333333
2014-08-27,279.4728575,37063.72,0.000120203711175,0.007087780425,296.75078,0.00419050745,266.3407125,5.308794775e-05,219.4778925,16.65416666666667
2015-09-14,281.0914575,37063.72,8.63167235e-05,0.0076336809,296.61402,0.003573399,268.328965,5.8805337e-05,219.663905,17.67125
2014-03-05,279.7803425,37063.72,0.000400920162,0.008686963625,297.11621,0.0042969163749999,267.39669250000003,6.39681235e-05,219.799545,16.496249999999996
2016-07-05,279.984615,37063.72,0.00012466544325,0.006724855325,296.60772,0.003965614475,266.2252525,3.2939017000000004e-05,220.580765,17.7175
2018-04-25,280.3124425,37063.72,0.0002918313255,0.00920725975,296.803455,0.0040210563249999,266.8499975,3.0908035e-05,219.60978,16.748333333333335
2018-07-11,279.7190275,37063.72,0.0001522084915,0.006792928275,296.7475825,0.003419166325,266.3522975,2.361671075e-05,219.25388,16.635
2016-07-18,280.6212075,37063.72,2.499204125e-06,0.006201688725,296.7361325,0.002621567325,266.8790525,5.6282617e-05,218.722945,15.882916666666668
2018-10-19,281.2343675,37063.72,0.00036870361625,0.008435757125,297.0884625,0.004303078525,267.64038,6.406661125e-05,220.318785,15.294166666666666
2018-09-04,281.2398425,37063.72,3.775674925e-05,0.00664076325,296.929895,0.0023803978575,266.8929525,4.071672475e-05,219.9768575,14.232500000000002
2015-10-26,281.8848,37063.72,0.000522049725,0.00891817475,296.7030725,0.00441237075,267.3797925,2.41450035e-05,221.6110175,17.152499999999996
2018-10-15,281.043975,37063.72,0.00038075749,0.008649551875,297.12164,0.004059336525,267.9201325,6.97087965e-05,219.899665,16.341250000000002
2014-03-31,277.834575,37063.72,0.0001229392385,0.007543747925,296.937665,0.001613285425,267.8632025,6.08360875e-05,219.9673225,15.792083333333332
2016-12-20,280.5854875,37063.72,0.0003227300525,0.008824559375,297.1859625,0.004716808375,268.372175,7.16445505e-05,220.9497025,15.308333333333334
2014-04-29,281.2350375,37063.72,0.00042578158775,0.0085569815,296.9904625,0.0044166779,267.7311975,2.11901495e-05,219.8822125,15.97625
2018-07-19,279.9904625,37063.72,0.00024651142805,0.0069544684749999,296.9606225,0.00319608325,266.3470525,1.73668375e-05,219.3181425,13.8875
2014-08-31,279.231225,37063.72,3.49187752e-05,0.006575599825,296.5715425,0.00366250155,266.24554750000004,2.54765615e-05,219.3028175,17.229166666666664
2018-02-14,281.37392,37063.72,0.0004088828574999,0.00942418025,297.2302625,0.0042555107,268.99656,8.48122865e-05,220.50354,16.492083333333333
2016-11-03,280.991915,37063.72,0.000226625476,0.008818551675,297.1707,0.004841592625,268.77978,8.460343875e-05,220.3569175,16.559583333333332
2014-11-08,280.485325,37063.72,0.0001922936625,0.0080751331749999,296.93732,0.00394331895,268.5106775,6.586383025e-05,220.1938,15.929166666666664
2018-10-24,279.754545,37063.72,0.000195105794125,0.0077145997,297.06156250000004,0.00471712765,268.32527500000003,8.324999375e-05,220.0261025,16.52875
2018-04-18,280.491875,37063.72,2.3575732475000003e-05,0.006614635625,296.954695,0.001913225265,267.74725,4.3060398e-05,218.329385,16.66375
2018-01-10,279.8665675,37063.72,0.0004020879167499,0.00859078675,297.29697,0.004037201725,267.3634175,5.764304575e-05,219.684515,15.136666666666668
2014-05-27,281.3841825,37063.72,7.546925925e-05,0.00718025965,296.79698,0.0036222788499999,267.82047,1.912959825e-05,220.769035,16.6825
2014-07-19,280.0593325,37063.72,3.7573742575e-05,0.006373579625,296.645875,0.002523736675,266.0343425,1.55027955e-05,219.56508,15.954166666666666
2018-01-05,280.3243325,37063.72,0.00066183484,0.008450774,297.18415000000005,0.0046350121,267.73188,7.12713225e-05,218.820445,15.979166666666668
2014-05-25,281.0094775,37063.72,8.600927e-05,0.0081222795,296.918555,0.003187823775,268.4624,2.4734531e-05,219.9530775,17.035
2015-03-15,280.7277875,37063.72,0.000307432035,0.009326632625,297.1430325,0.00412522315,268.7420575,6.411201425e-05,220.2331975,17.22083333333333
2016-04-11,281.2473,37063.72,0.00019770814075,0.009543828,297.0493675,0.00414463775,268.61945000000003,5.6539895e-05,221.9742175,17.127916666666664
2016-04-21,281.6357025,37063.72,0.00060640415,0.00967547725,296.8741325,0.004362538,268.7201925,3.8603321e-05,221.2381125,18.144166666666667
2018-07-12,279.9572925,37063.72,1.4889985425e-05,0.006362039575,296.8492125,0.0027430599,267.2659775,3.411970125e-05,218.09398,14.966666666666669
2016-07-08,281.1283725,37063.72,0.0001620079807675,0.007077323375,296.67371,0.003063460925,267.45835750000003,2.238317375e-05,219.7361075,16.5225
2016-12-22,278.992395,37063.72,0.0005227227177499,0.008739424375,297.3835475,0.00448328855,267.92698,7.75663655e-05,220.2018975,13.179166666666667
2014-08-04,280.7151625,37063.72,1.24708749e-05,0.0060021788,297.19297,0.0019642452,267.755175,1.7728424e-05,219.389665,17.03458333333333
2018-07-02,279.24594,37063.72,1.3235607e-05,0.0057752531,296.9232525,0.0017986458375,266.8084375,3.4814002e-05,219.416985,17.20625
2018-11-04,279.69588,37063.72,9.796640405e-05,0.0081319476,297.1429425,0.003317780575,268.2114175,7.118447725e-05,219.9153825,14.976666666666668
2015-08-24,280.15821,37063.72,0.0004345831635,0.0071933823,296.7928375,0.003771574725,266.9310075,1.7594779e-05,220.572085,16.752916666666668
2018-08-13,280.18023750000003,37063.72,9.058066625e-05,0.006004412325,296.855155,0.0025252715999999,266.0135125,2.170680075e-05,219.3083725,15.183333333333334
2014-11-19,281.17163750000003,37063.72,1.19076575e-05,0.006523837975,297.1221175,0.002949454675,266.8874625,1.8222723125e-05,218.8766075,15.664166666666668
2015-07-24,281.0999075,37063.72,2.81392125e-05,0.006357644325,296.6140325,0.002560380825,267.690065,3.0447263e-05,220.39469,16.1625
2016-01-27,281.530705,37063.72,7.511325919249999e-05,0.00905979575,296.94047,0.004396694875,269.609905,9.06968485e-05,221.4115875,18.75
2016-07-20,280.2550725,37063.72,0.0,0.0044623482499999,296.7641575,0.00088926405,265.87333,4.649884075e-05,219.176315,15.260375
2016-12-07,279.7172775,37063.72,0.0001251653295,0.007650008925,297.035545,0.003485530025,268.2246,6.186100675e-05,219.6701225,15.6325
2016-02-01,281.06137,37063.72,0.0008430963,0.008798469625,296.8854775,0.00525018785,268.8720325,0.0001002228825,221.6737475,18.38458333333333
2014-07-10,281.5014625,37063.72,9.630783525e-05,0.006307063825,296.5975975,0.002809911375,266.36711,3.01748515e-05,218.0353025,17.34583333333333
2015-12-02,279.9899675,37063.72,0.000499958176825,0.00830615175,296.710855,0.0040646926,268.16429750000003,5.64008955e-05,218.7140225,18.02125
2014-04-28,281.101665,37063.72,0.0001321113675,0.007992297475,296.87862,0.004012060125,268.00944,1.83878e-05,220.19901,17.163333333333334
2015-07-19,279.81298,37063.72,3.75354423e-05,0.0063914751,296.9401975,0.00224918685,266.3338,3.144238125e-05,220.0921975,15.375
2015-07-31,280.218705,37063.72,4.13841325e-05,0.005893796875,296.97942,0.002856234625,267.34551250000004,1.72627625e-05,219.626795,15.4375
2016-10-20,280.884935,37063.72,0.0003655706416,0.0086066589,296.8975525,0.0037158745,266.99115,2.169655625e-05,219.357585,18.21375
2018-08-11,279.9832775,37063.72,0.0002016644025,0.00701045605,296.6787825,0.0031420051,266.6338025,1.6585458125e-05,219.25283,17.18958333333333
2014-06-13,282.7064275,37063.72,7.820502075e-05,0.007254276275,296.8925025,0.00344894185,267.33591,3.75928355e-05,219.78809,16.455416666666665
2018-08-25,280.65271,37063.72,0.00011350633655,0.006040782625,296.86319000000003,0.002468416025,266.1493675,1.641176625e-05,218.9461775,16.179166666666667
2014-09-27,281.532555,37063.72,6.6619133575e-05,0.0078619856,296.9678875,0.003614860725,267.8583375,3.8499245e-05,219.94405,17.27916666666667
2014-10-24,280.992485,37063.72,0.0001239047894,0.00829165975,296.997755,0.003945132275,267.84305,4.872004575e-05,218.866885,16.754166666666666
2014-12-09,281.08207,37063.72,0.0003563470685,0.008822468,297.2499375,0.004232708325,268.05738,7.286970475e-05,220.8193975,16.458333333333332
2014-06-29,281.1370275,37063.72,0.000268165484775,0.00720193735,296.9998425,0.003464932025,267.7767025,2.481695275e-05,219.28198,14.65
2014-07-15,280.237115,37063.72,5.4711244e-05,0.00558330185,296.753565,0.0031743062999999,265.9158875,2.73725015e-05,219.5473625,16.287499999999998
2015-07-13,280.739205,37063.72,5.557853805e-05,0.007221243025,296.950445,0.003050679,266.68363750000003,1.8174993e-05,220.56219,15.966666666666669
2016-05-03,281.224695,37063.72,0.000213273337,0.007820793375,296.718035,0.00355607525,267.7886225,3.44838485e-05,219.8801375,17.01875
2015-05-09,282.5455425,37063.72,2.868881042e-05,0.0076171802,296.757845,0.0039551567749999,268.41237,2.16579065e-05,219.999255,17.046666666666667
2015-02-08,280.422905,37063.72,0.00019682443305,0.008293133575,297.2214825,0.004019336,267.8088,8.2188285e-05,220.031065,15.816666666666666
2015-01-09,281.61025,37063.72,0.000151891608025,0.0074855048,297.1575125,0.003712785375,268.0451925,1.7512124250000003e-05,218.8624475,17.225416666666668
2016-03-26,282.9732475,37063.72,0.0001460139185,0.00927761,296.89294,0.00432992605,270.35594000000003,8.254381875e-05,222.102635,19.800416666666667
2015-03-05,281.0498825,37063.72,0.00024470605275,0.00899570425,297.1631675,0.004733432025,268.6155475,8.227140874999999e-05,220.0999775,16.075
2015-08-23,279.9368175,37063.72,7.222220184500001e-05,0.006661458675,296.861745,0.003528125275,267.3836925,2.38136855e-05,220.9883675,16.867916666666666
2014-04-06,280.3383225,37063.72,0.000461504805,0.0087559522499999,296.8681875,0.004254632825,268.16332750000004,6.751250325e-05,220.7273475,16.598333333333333
2018-02-25,277.8554425,37063.72,0.000308553105125,0.008208334,297.2865,0.00336100835,267.79510500000004,6.47609115e-05,218.9332525,13.531666666666666
2014-10-25,279.2834475,37063.72,0.0003500711187,0.0079302323749999,296.9748325,0.004127205925,267.08546,7.45183785e-05,219.2097325,15.433333333333334
2016-11-25,280.858895,37063.72,8.232518925e-05,0.0075352659,297.0305725,0.00327835735,267.8599275,1.5431549375000002e-05,220.800365,15.970416666666663
2014-01-03,281.318335,37063.72,0.000204362441725,0.00920367775,297.223885,0.0040242588,268.6617725,7.723830575e-05,220.9111075,14.395
2014-04-23,280.4626675,37063.72,0.000356668616,0.008877609625,296.9439125,0.0041629778749999,267.957335,3.4460565e-05,219.3215775,17.257083333333334
2015-06-06,281.6602725,37063.72,6.4025284775e-05,0.00667140895,296.9822425,0.002767843525,267.9515575,3.01152465e-05,220.9848325,15.020833333333334
2018-01-14,278.8491875,37063.72,0.000182638295,0.0080514817,297.320015,0.003631225,267.721405,6.875395700000001e-05,218.782375,14.3625
2016-02-13,281.84047,37063.72,0.0003438647855925,0.00963291025,296.9642425,0.0045633598,269.2012325,7.241684925e-05,221.3878225,16.833333333333336
2015-02-01,280.72468250000003,37063.72,0.0003519147748249,0.008524477,297.1783725,0.0042378269,267.4780175,5.95517915e-05,219.6766325,15.906666666666665
2015-10-01,280.3125275,37063.72,5.8527454345e-05,0.007123896475,296.978715,0.00249412875,266.8804625,1.95021275e-05,220.91734,17.857916666666664
2016-04-28,280.926225,37063.72,0.0006020488322,0.00894067525,296.9610525,0.0041076488,269.05898,9.01818285e-05,220.65491,16.382083333333334
2015-12-28,283.61764,37063.72,0.0014450958624999,0.01028832425,296.9840075,0.004960546575,269.09439,4.54555265e-05,220.9618625,18.09208333333333
2014-01-14,282.59433,37063.72,9.365286795e-05,0.008582121,297.10821,0.0042627928,268.40161,4.6494649e-05,220.26467,17.987499999999997
2018-03-16,280.71169,37063.72,0.0002311489116749,0.008687571875,297.2215225,0.0042762564,268.360915,8.13403165e-05,220.7441875,17.3825
2014-04-08,280.3752375,37063.72,6.23548398e-05,0.008086177875,297.13357,0.00349254395,268.33804000000003,3.3966032125e-05,220.3330925,14.958333333333332
2016-11-19,280.40693,37063.72,0.0,0.006114494175,296.9383375,0.0007807,268.4144025,4.229368625e-05,219.7992525,15.793333333333331
2014-02-09,280.8162325,37063.72,0.0005663409975,0.0093564085,297.163445,0.004928858225,268.3158175,5.514896525e-05,219.381325,16.304166666666667
2014-06-11,282.230955,37063.72,6.91926105e-06,0.00731526975,296.521175,0.003004760975,268.363395,4.97915315e-05,221.103195,15.912499999999998
2018-04-17,279.7546975,37063.72,9.1112451875e-05,0.006600226275,297.0751875,0.001901854025,267.6533075,3.2557407750000004e-05,219.3932375,16.176666666666666
2018-06-29,279.2144875,37063.72,6.08607655e-06,0.005605033,297.190785,0.00254020155,266.57583,1.953705225e-05,218.4153025,13.683333333333334
2018-12-03,280.609055,37063.72,1.46536623e-05,0.006861502475,297.0685525,0.002858420575,267.448295,7.526413549999999e-05,219.5151275,17.21625
2015-06-29,280.54596,37063.72,0.0001297001725,0.006092967625,296.764565,0.00240648355,266.8295825,1.817522575e-05,222.432265,16.0625
2018-02-18,280.84936,37063.72,0.000556482463175,0.0091057875,297.228165,0.004458628975,268.005715,7.066363375e-05,219.854965,15.20625
2016-01-21,283.0636675,37063.72,0.0003746382476499,0.009246199375,297.1455175,0.004736890675,268.984475,6.40063075e-05,221.779465,17.972916666666666
2015-12-14,282.05881,37063.72,0.000298935224775,0.00851154175,296.99496750000003,0.004280861725,268.2752525,4.05630555e-05,220.6512425,17.10666666666667
2018-04-11,279.48342,37063.72,0.0004234182481,0.008227257025,296.98787500000003,0.004064197425,267.67042,7.439614349999999e-05,219.218605,16.758333333333333
2018-08-01,279.27472,37063.72,0.0003250383246499,0.007503756025,297.02804,0.0036425097,267.21462,1.71063e-05,219.1976525,14.075
2018-12-02,280.3440425,37063.72,0.0,0.006628524175,297.0737875,0.0013934506725,268.02073,6.2244013e-05,220.0467075,16.27
2016-03-15,281.9865825,37063.72,7.068668575e-05,0.00906039625,297.05575250000004,0.00452353875,269.138805,9.344308625e-05,221.2306625,17.881249999999998
2015-11-24,280.91229250000004,37063.72,0.000245155767395,0.0088370805,296.980125,0.004327710675,268.22225000000003,8.35151875e-05,220.68057,17.2625
2016-01-23,282.42807500000004,37063.72,0.00010788603765,0.008150433125,296.959625,0.002982960525,268.95611,4.57263085e-05,221.6294,19.614166666666662
2014-02-02,281.0888,37063.72,0.0005370543865,0.00917697225,297.1662225,0.004443547775,268.1751325,7.229298125e-05,219.9895575,16.1875
2015-03-03,280.3045525,37063.72,0.000468870158,0.00923202225,297.060695,0.004721574725,268.337085,7.522315875e-05,219.604185,15.345833333333331
2015-04-02,280.5490875,37063.72,0.000451326717275,0.008391060575,296.947975,0.004475140425,267.6002925,7.878872525000001e-05,219.85968,16.299166666666668
2018-01-13,279.82572500000003,37063.72,0.000475769520125,0.008650507125,297.19044,0.004068450725,267.279595,7.2573078e-05,218.6154275,14.545833333333333
2016-03-24,282.70803,37063.72,5.726330075e-05,0.009212128125,296.966005,0.00368961345,270.8550675,6.005866475e-05,222.0572325,19.699583333333333
2018-04-21,279.8254175,37063.72,0.000292894888825,0.008404681725,296.985775,0.00371316715,267.2547975,1.9189669e-05,219.297885,16.98875
2015-06-16,282.6943925,37063.72,5.717808325e-05,0.007381359225,296.79248,0.00321062945,268.7583275,3.451015775e-05,220.137785,16.220833333333335
2016-01-26,281.92435,37063.72,0.0002978828291925,0.009301383,296.947565,0.003336286975,269.26686,7.4476471e-05,220.8393725,18.434583333333336
2014-06-22,282.1813525,37063.72,7.1848745375e-05,0.006820645425,296.86055,0.002526951025,267.79372,1.6162172e-05,219.78843,15.4625
2018-11-08,281.6741475,37063.72,0.00068818766,0.00868114875,297.1076625,0.004835005725,268.7880575,7.647927875000001e-05,220.3530075,16.191666666666666
2016-10-04,281.2111,37063.72,0.000210345954,0.00848908375,296.9223725,0.00405993205,267.9681225,6.331992275e-05,220.4229,18.39708333333333
2016-11-17,279.85259,37063.72,0.0,0.0064986304,296.87271,0.0009716525575,268.1728175,6.99278885e-05,220.59283,15.429708333333334
2016-02-10,282.8685625,37063.72,8.22534772e-05,0.00961119725,297.0681875,0.004409739875,268.96922,9.395787475e-05,221.022425,15.8625
2016-07-03,279.79312500000003,37063.72,2.2205524e-05,0.0055448981,296.9159925,0.002206105975,265.890725,3.84317245e-05,219.5427725,14.235416666666666
2014-01-08,278.9534675,37063.72,0.00017692638,0.00781187205,297.1193325,0.004370520475,267.4533225,6.24847595e-05,219.6404575,16.241666666666667
2015-11-04,280.5459625,37063.72,9.9884345e-08,0.006829783475,296.97553,0.002359054075,267.8579175,7.63842825e-05,219.54694,17.120833333333334
2015-09-25,282.157005,37063.72,0.0004498273007499,0.0080574786,296.91122,0.003927544775,267.48368,2.87885775e-05,220.6279225,18.075
2016-02-18,282.5807325,37063.72,0.0003932737665,0.010145349375,296.9280575,0.0049147982,269.58401,9.00959125e-05,222.21687,17.779166666666665
2015-04-22,279.8639625,37063.72,0.000426036546,0.008243134,296.819335,0.00424902085,268.218715,4.694797125e-05,220.5742075,16.375
2014-11-13,278.5401775,37063.72,0.0003076698527,0.007998396675,297.1811675,0.004153499025,267.788515,7.4601032e-05,220.144825,14.855555555555554
2016-08-19,281.1028175,37063.72,0.0003316556125,0.0081290635,296.776225,0.003820490625,266.5526725,2.48721335e-05,218.32846,17.1125
2014-05-09,280.7964825,37063.72,0.00050414727325,0.00901781225,296.845265,0.00431191735,267.5627275,7.311720375e-05,219.365695,16.295833333333334
2015-09-26,282.01177,37063.72,0.000191226483275,0.0075970309,296.93949250000003,0.003722072275,267.7992575,2.34819015e-05,220.596825,17.900833333333335
2018-06-09,279.84731750000003,37063.72,0.00011078838755,0.00624511635,296.793335,0.0027771734,266.2946675,1.840828925e-05,220.325415,15.441666666666666
2018-06-14,280.31728,37063.72,8.987158175000001e-05,0.00724378175,296.662705,0.002695838925,267.9798625,5.017826375e-05,219.08693,16.3125
2014-06-12,281.689665,37063.72,4.6182889e-05,0.007014011375,297.0172,0.003522051575,268.43739500000004,2.4734763500000003e-05,220.9361125,17.258333333333333
2015-02-26,280.343015,37063.72,0.000280442411,0.0089530835,297.330675,0.0041862513,267.9830175,7.298449025e-05,218.992135,16.5075
